
CREATE TABLE Country_INFO (
    Cid INT PRIMARY KEY,
    Cname VARCHAR(100) NOT NULL
);

CREATE TABLE State_INFO (
    Sid INT PRIMARY KEY,
    Sname VARCHAR(100) NOT NULL,
    Cid INT,
    FOREIGN KEY (Cid) REFERENCES Country_INFO(Cid)
);

CREATE TABLE District_INFO (
    Did INT PRIMARY KEY,
    Dname VARCHAR(100) NOT NULL,
    Sid INT,
    FOREIGN KEY (Sid) REFERENCES State_INFO(Sid)
);

CREATE TABLE Dept_INFO (
    Did INT PRIMARY KEY,
    Dname VARCHAR(100) NOT NULL
);

CREATE TABLE City_INFO (
    Cid INT PRIMARY KEY,
    Cname VARCHAR(100) NOT NULL,
    Did INT,
    FOREIGN KEY (Did) REFERENCES District_INFO(Did)
);

CREATE TABLE Emp_INFO (
    Eid INT PRIMARY KEY,
    Ename VARCHAR(100) NOT NULL,
    Did INT,
    Cid INT,
    Salary DECIMAL(10, 2) CHECK (Salary > 0), -- Salary must be positive
    Experience INT CHECK (Experience >= 0),  -- Experience cannot be negative
    FOREIGN KEY (Did) REFERENCES Dept_INFO(Did),
    FOREIGN KEY (Cid) REFERENCES City_INFO(Cid)
);

INSERT INTO Country_INFO (Cid, Cname) VALUES
(1, 'USA'),
(2, 'Canada'),
(3, 'UK'),
(4, 'Australia'),
(5, 'India');

INSERT INTO State_INFO (Sid, Sname, Cid) VALUES
(1, 'California', 1),
(2, 'Ontario', 2),
(3, 'London', 3),
(4, 'New South Wales', 4),
(5, 'Gujarat', 5);

INSERT INTO District_INFO (Did, Dname, Sid) VALUES
(1, 'Los Angeles', 1),
(2, 'Toronto', 2),
(3, 'Westminster', 3),
(4, 'Sydney', 4),
(5, 'Ahmedabad', 5);

INSERT INTO Dept_INFO (Did, Dname) VALUES
(1, 'HR'),
(2, 'Engineering'),
(3, 'Marketing'),
(4, 'Sales'),
(5, 'Finance');

INSERT INTO City_INFO (Cid, Cname, Did) VALUES
(1, 'Los Angeles City', 1),
(2, 'Toronto City', 2),
(3, 'London City', 3),
(4, 'Sydney City', 4),
(5, 'Ahmedabad City', 5);

INSERT INTO Emp_INFO (Eid, Ename, Did, Cid, Salary, Experience) VALUES
(1, 'John Doe', 1, 1, 50000.00, 5),
(2, 'Jane Smith', 2, 2, 75000.00, 8),
(3, 'Mike Johnson', 3, 3, 60000.00, 3),
(4, 'Alice Brown', 4, 4, 45000.00, 2),
(5, 'Bob Green', 5, 5, 40000.00, 4);

